scheduler,topology,total_tasks,completed_tasks,completion_rate,avg_completion_time,median_completion_time,std_completion_time,pattern
CostEfficient,large,2508672,147,0.005859673962957294,5014162.265306123,5169590.0,1876935.966068752,diurnal
CostEfficient,medium,4423296,147,0.0033233136556992796,8815958.653061224,10342556.0,4095080.1890275036,diurnal
CostEfficient,small,12362484,147,0.0011890814176180127,24596183.530612245,28438775.0,13821267.849807248,diurnal
PredictiveCost,large,2974245,147,0.0049424307681445205,5964223.897959184,6860231.0,2377086.7296503005,diurnal
PredictiveCost,medium,5412360,147,0.0027160055872114935,10781621.75510204,12928175.0,5256712.814407873,diurnal
PredictiveCost,small,15174855,147,0.0009687077734844914,30177264.673469387,33614998.0,17166040.74163798,diurnal
