scheduler,topology,total_tasks,completed_tasks,completion_rate,avg_completion_time,median_completion_time,std_completion_time,pattern
CostEfficient,large,2508681,147,0.00585965294112723,5014190.918367347,5169590.0,1877013.9450355046,spike
CostEfficient,medium,4423296,147,0.0033233136556992796,8815958.653061224,10342556.0,4095080.1890275036,spike
CostEfficient,small,12362484,147,0.0011890814176180127,24596183.530612245,28438775.0,13821267.849807248,spike
PredictiveCost,large,3259266,147,0.004510217944776523,6545848.897959184,7753483.0,2793764.276275753,spike
PredictiveCost,medium,5412369,147,0.002716001070880422,10781639.693877552,12928175.0,5256737.8185960045,spike
PredictiveCost,small,15174855,147,0.0009687077734844914,30177264.673469387,33614998.0,17166040.74163798,spike
