scheduler,topology,avg_cost,avg_utilization,cost_efficiency,std_cost,std_utilization,pattern
CostEfficient,large,525.6558,0.11040888,0.00021004025,227.70207,0.19290295,spike
CostEfficient,medium,492.24057,0.11043373,0.0002243491,173.21562,0.19128424,spike
CostEfficient,small,407.11127,0.118766256,0.00029172923,83.89976,0.19577119,spike
PredictiveCost,large,510.45468,0.082763694,0.0001621372,199.89241,0.17306367,spike
PredictiveCost,medium,487.31702,0.09462667,0.00019417888,161.85306,0.18047127,spike
PredictiveCost,small,405.12253,0.096166,0.0002373751,75.60753,0.18150851,spike
