scheduler,topology,total_tasks,completed_tasks,completion_rate,avg_completion_time,median_completion_time,std_completion_time,pattern
CostEfficient,large,2508681,147,0.00585965294112723,5014190.918367347,5169590.0,1877013.9450355046,stable
CostEfficient,medium,4423296,147,0.0033233136556992796,8815958.653061224,10342556.0,4095080.1890275036,stable
CostEfficient,small,12362484,147,0.0011890814176180127,24596183.530612245,28438775.0,13821267.849807248,stable
PredictiveCost,large,3181521,147,0.004620431548306611,6387207.551020408,7753483.0,2643573.2364070485,stable
PredictiveCost,medium,5412369,147,0.002716001070880422,10781639.693877552,12928175.0,5256737.8185960045,stable
PredictiveCost,small,15174855,147,0.0009687077734844914,30177264.673469387,33614998.0,17166040.74163798,stable
