scheduler,topology,avg_cost,avg_utilization,cost_efficiency,std_cost,std_utilization,pattern
CostEfficient,large,517.2797,0.11040888,0.00021344135,68.30364,0.19291414,stable
CostEfficient,medium,502.0278,0.11043373,0.00021997532,92.47048,0.19128424,stable
CostEfficient,small,594.0221,0.118766256,0.00019993575,11.965526,0.19577119,stable
PredictiveCost,large,514.6266,0.082773305,0.00016084149,69.03075,0.17303446,stable
PredictiveCost,medium,501.17923,0.09462664,0.00018880799,92.82242,0.18047127,stable
PredictiveCost,small,594.38873,0.096166,0.00016178974,10.793585,0.18150851,stable
