scheduler,topology,total_tasks,completed_tasks,completion_rate,avg_completion_time,median_completion_time,std_completion_time,pattern
CostEfficient,large,2457159,147,0.005982518835777416,4961639.224489796,5169590.0,1834793.3786793216,volatile
CostEfficient,medium,4423266,147,0.0033233361954718528,8815894.530612245,10342556.0,4095005.4116581473,volatile
CostEfficient,small,12362484,147,0.0011890814176180127,24596183.530612245,28438775.0,13821267.849807248,volatile
PredictiveCost,large,3259305,147,0.004510163976676009,6545924.102040816,7753483.0,2793866.4185550464,volatile
PredictiveCost,medium,5412369,147,0.002716001070880422,10781639.693877552,12928175.0,5256737.8185960045,volatile
PredictiveCost,small,15174855,147,0.0009687077734844914,30177264.673469387,33614998.0,17166040.74163798,volatile
